<?xml version="1.0" encoding="UTF-8"?>

<beans
	xsi:schemaLocation="http://www.springframework.org/schema/mvc http://www.springframework.org/schema/mvc/spring-mvc.xsd http://www.springframework.org/schema/beans http://www.springframework.org/schema/beans/spring-beans.xsd http://www.springframework.org/schema/tx http://www.springframework.org/schema/tx/spring-tx-4.1.xsd http://www.springframework.org/schema/context http://www.springframework.org/schema/context/spring-context.xsd"
	xmlns:tx="http://www.springframework.org/schema/tx" xmlns:mvc="http://www.springframework.org/schema/mvc"
	xmlns:context="http://www.springframework.org/schema/context"
	xmlns:xsi="http://www.w3.org/2001/XMLSchema-instance" xmlns="http://www.springframework.org/schema/beans">

	<context:annotation-config />
	<context:component-scan base-package="Controller" />

	<bean id="dataSource"
		class="org.springframework.jdbc.datasource.DriverManagerDataSource">
		<property name="driverClassName" value="org.apache.derby.jdbc.ClientDriver" />
		<property name="url"
			value="jdbc:derby://localhost:1527/sample;create=true" />
		<property name="username" value="user" />
		<property name="password" value="pwd" />
	</bean>
	
	<mvc:annotation-driven />
	<mvc:default-servlet-handler />
</beans>